Index,LeetCode_ID,Title,Topic,Difficulty,Key_Pattern,Time_Complexity,Space_Complexity,Top_Companies,LeetCode_URL,Status,Confidence_1_5,Redo,Notes
1,1,Two Sum,Arrays & Hashing,Easy,Hash Map lookup complement,O(N),O(N),"Google, Amazon, Facebook, Microsoft (+68 more)",https://leetcode.com/problems/two-sum,To Do,,N,
2,217,Contains Duplicate,Arrays & Hashing,Easy,Hash Set frequency check,O(N),O(N),"Amazon, Adobe, Microsoft, Yahoo (+6 more)",https://leetcode.com/problems/contains-duplicate,To Do,,N,
3,242,Valid Anagram,Arrays & Hashing,Easy,Frequency array / Hash Map,O(N),O(1),"Amazon, Google, Bloomberg, Microsoft (+15 more)",https://leetcode.com/problems/valid-anagram,To Do,,N,
4,49,Group Anagrams,Arrays & Hashing,Medium,Categorize by sorted string or tuple count,O(N * K log K),O(N * K),"Amazon, Microsoft, Facebook, Google (+29 more)",https://leetcode.com/problems/group-anagrams,To Do,,N,
5,347,Top K Frequent Elements,Arrays & Hashing,Medium,Bucket sort or Min-heap,O(N),O(N),"Amazon, Facebook, Google, Bloomberg (+15 more)",https://leetcode.com/problems/top-k-frequent-elements,To Do,,N,
6,238,Product of Array Except Self,Arrays & Hashing,Medium,Prefix and Suffix running products,O(N),O(1) aux,"Facebook, Amazon, Lyft, Goldman Sachs (+28 more)",https://leetcode.com/problems/product-of-array-except-self,To Do,,N,
7,36,Valid Sudoku,Arrays & Hashing,Medium,Bitmask or Set tracking for row/col/box,O(1),O(1),"Uber, Microsoft, Amazon, Google (+13 more)",https://leetcode.com/problems/valid-sudoku,To Do,,N,
8,128,Longest Consecutive Sequence,Arrays & Hashing,Medium,"Hash Set, expand only from sequence starts",O(N),O(N),"Google, Amazon, Facebook, Microsoft (+9 more)",https://leetcode.com/problems/longest-consecutive-sequence,To Do,,N,
9,560,Subarray Sum Equals K,Arrays & Hashing,Medium,Prefix Sum hash map of running sums,O(N),O(N),"Facebook, Amazon, Google, Microsoft (+16 more)",https://leetcode.com/problems/subarray-sum-equals-k,To Do,,N,
10,525,Contiguous Array,Arrays & Hashing,Medium,Prefix sum with +1/-1 and hash map,O(N),O(N),"Amazon, Quora, Google, Facebook (+5 more)",https://leetcode.com/problems/contiguous-array,To Do,,N,
11,287,Find the Duplicate Number,Arrays & Hashing,Medium,Floyd's cycle detection on array indices,O(N),O(1),"Amazon, Google, Microsoft, Bloomberg (+9 more)",https://leetcode.com/problems/find-the-duplicate-number,To Do,,N,
12,41,First Missing Positive,Arrays & Hashing,Hard,In-place cycle sort placing nums[i] at i-1,O(N),O(1),"Google, Amazon, Microsoft, Databricks (+18 more)",https://leetcode.com/problems/first-missing-positive,To Do,,N,
13,169,Majority Element,Arrays & Hashing,Easy,Boyer-Moore Voting Algorithm,O(N),O(1),"Amazon, Google, Microsoft, Tencent (+7 more)",https://leetcode.com/problems/majority-element,To Do,,N,
14,75,Sort Colors,Arrays & Hashing,Medium,Dutch National Flag 3-pointer partition,O(N),O(1),"Microsoft, Facebook, Amazon, Google (+11 more)",https://leetcode.com/problems/sort-colors,To Do,,N,
15,31,Next Permutation,Arrays & Hashing,Medium,"Find pivot, successor, swap, reverse suffix",O(N),O(1),"Facebook, Google, Amazon, Microsoft (+13 more)",https://leetcode.com/problems/next-permutation,To Do,,N,
16,48,Rotate Image,Arrays & Hashing,Medium,Transpose matrix then reverse each row,O(N^2),O(1),"Amazon, Microsoft, Google, Apple (+15 more)",https://leetcode.com/problems/rotate-image,To Do,,N,
17,54,Spiral Matrix,Arrays & Hashing,Medium,"Boundary tracking (top, bottom, left, right)",O(M*N),O(1) aux,"Microsoft, Amazon, Google, Apple (+18 more)",https://leetcode.com/problems/spiral-matrix,To Do,,N,
18,73,Set Matrix Zeroes,Arrays & Hashing,Medium,Use first row & column as marker flags,O(M*N),O(1),"Microsoft, Amazon, Facebook, Expedia (+8 more)",https://leetcode.com/problems/set-matrix-zeroes,To Do,,N,
19,189,Rotate Array,Arrays & Hashing,Medium,"Reverse entire array, then reverse both halves",O(N),O(1),"Microsoft, Amazon, Facebook, Bloomberg (+6 more)",https://leetcode.com/problems/rotate-array,To Do,,N,
20,53,Maximum Subarray,Arrays & Hashing,Medium,Kadane's Algorithm (running max sum),O(N),O(1),"Amazon, Microsoft, Linkedin, Facebook (+31 more)",https://leetcode.com/problems/maximum-subarray,To Do,,N,
21,152,Maximum Product Subarray,Arrays & Hashing,Medium,Maintain running min and max products,O(N),O(1),"Linkedin, Amazon, Google, Microsoft (+8 more)",https://leetcode.com/problems/maximum-product-subarray,To Do,,N,
22,121,Best Time to Buy and Sell Stock,Arrays & Hashing,Easy,Track minimum price seen so far,O(N),O(1),"Amazon, Facebook, Microsoft, Bloomberg (+34 more)",https://leetcode.com/problems/best-time-to-buy-and-sell-stock,To Do,,N,
23,122,Best Time to Buy and Sell Stock II,Arrays & Hashing,Medium,Greedy capture of all positive slopes,O(N),O(1),"Amazon, Facebook, Bloomberg, Google (+8 more)",https://leetcode.com/problems/best-time-to-buy-and-sell-stock-ii,To Do,,N,
24,125,Valid Palindrome,Two Pointers,Easy,"Two pointers moving inward, skipping non-alphanumeric",O(N),O(1),"Facebook, Amazon, Microsoft, Apple (+12 more)",https://leetcode.com/problems/valid-palindrome,To Do,,N,
25,167,Two Sum II - Input Array Is Sorted,Two Pointers,Medium,Opposite ends two-pointer convergence,O(N),O(1),"Amazon, Google, Microsoft, Facebook (+7 more)",https://leetcode.com/problems/two-sum-ii-input-array-is-sorted,To Do,,N,
26,15,3Sum,Two Pointers,Medium,"Sort array, fix one number, two pointers on remainder",O(N^2),O(1) aux,"Facebook, Amazon, Google, Microsoft (+37 more)",https://leetcode.com/problems/3sum,To Do,,N,
27,16,3Sum Closest,Two Pointers,Medium,"Sort, fix one, two pointers tracking minimal gap",O(N^2),O(1),"Amazon, Google, Adobe, Facebook (+8 more)",https://leetcode.com/problems/3sum-closest,To Do,,N,
28,18,4Sum,Two Pointers,Medium,Generalized k-Sum recursion or nested 2-pointer loops,O(N^3),O(1) aux,"Amazon, Facebook, Adobe, Google (+5 more)",https://leetcode.com/problems/4sum,To Do,,N,
29,11,Container With Most Water,Two Pointers,Medium,Shrink boundary from smaller wall inward,O(N),O(1),"Amazon, Google, Adobe, Facebook (+10 more)",https://leetcode.com/problems/container-with-most-water,To Do,,N,
30,42,Trapping Rain Water,Two Pointers,Hard,Two pointers with leftMax and rightMax bounds,O(N),O(1),"Amazon, Google, Facebook, Goldman Sachs (+32 more)",https://leetcode.com/problems/trapping-rain-water,To Do,,N,
31,26,Remove Duplicates from Sorted Array,Two Pointers,Easy,Slow and fast pointer overwrite,O(N),O(1),"Microsoft, Facebook, Amazon, Google (+11 more)",https://leetcode.com/problems/remove-duplicates-from-sorted-array,To Do,,N,
32,80,Remove Duplicates from Sorted Array II,Two Pointers,Medium,Slow pointer allows at most 2 occurrences,O(N),O(1),"Google, Amazon, Facebook, Vmware",https://leetcode.com/problems/remove-duplicates-from-sorted-array-ii,To Do,,N,
33,283,Move Zeroes,Two Pointers,Easy,Partition non-zero elements forward,O(N),O(1),"Facebook, Bloomberg, Google, Microsoft (+18 more)",https://leetcode.com/problems/move-zeroes,To Do,,N,
34,977,Squares of a Sorted Array,Two Pointers,Easy,"Two pointers at extremes, populate from back",O(N),O(N),"Facebook, Google, Uber, Amazon (+13 more)",https://leetcode.com/problems/squares-of-a-sorted-array,To Do,,N,
35,88,Merge Sorted Array,Two Pointers,Easy,Three pointers filling backwards from end,O(M+N),O(1),"Facebook, Microsoft, Amazon, Adobe (+21 more)",https://leetcode.com/problems/merge-sorted-array,To Do,,N,
36,680,Valid Palindrome II,Two Pointers,Easy,Two pointers; branch on first mismatch,O(N),O(1),"Facebook, Microsoft, Google, Yahoo (+1 more)",https://leetcode.com/problems/valid-palindrome-ii,To Do,,N,
37,844,Backspace String Compare,Two Pointers,Easy,Two pointers scanning backwards with skip counters,O(N),O(1),"Google, Facebook, Amazon, Microsoft (+3 more)",https://leetcode.com/problems/backspace-string-compare,To Do,,N,
38,3,Longest Substring Without Repeating Characters,Sliding Window,Medium,Dynamic window with last seen character index map,O(N),"O(min(N, Alphabet))","Amazon, Google, Facebook, Adobe (+29 more)",https://leetcode.com/problems/longest-substring-without-repeating-characters,To Do,,N,
39,424,Longest Repeating Character Replacement,Sliding Window,Medium,Window length minus max frequency <= k,O(N),O(26),"Google, Bloomberg, Pocket Gems",https://leetcode.com/problems/longest-repeating-character-replacement,To Do,,N,
40,76,Minimum Window Substring,Sliding Window,Hard,"Dynamic window expanding right, contracting left when valid",O(N + M),O(Alphabet),"Facebook, Amazon, Google, Microsoft (+22 more)",https://leetcode.com/problems/minimum-window-substring,To Do,,N,
41,567,Permutation in String,Sliding Window,Medium,Fixed-size window matching character frequency counts,O(N),O(26),"Facebook, Amazon, Microsoft, Google (+5 more)",https://leetcode.com/problems/permutation-in-string,To Do,,N,
42,438,Find All Anagrams in a String,Sliding Window,Medium,Fixed window with character count matches,O(N),O(26),"Facebook, Amazon, Google, Microsoft (+5 more)",https://leetcode.com/problems/find-all-anagrams-in-a-string,To Do,,N,
43,209,Minimum Size Subarray Sum,Sliding Window,Medium,"Dynamic window expanding until sum >= target, then shrink",O(N),O(1),"Goldman Sachs, Facebook, Google, Amazon (+6 more)",https://leetcode.com/problems/minimum-size-subarray-sum,To Do,,N,
44,904,Fruit Into Baskets,Sliding Window,Medium,At most 2 distinct elements sliding window,O(N),O(1),"Google, Amazon",https://leetcode.com/problems/fruit-into-baskets,To Do,,N,
45,1004,Max Consecutive Ones III,Sliding Window,Medium,Window with at most k zeros allowed,O(N),O(1),"Facebook, Amazon, Yandex, Microsoft",https://leetcode.com/problems/max-consecutive-ones-iii,To Do,,N,
46,239,Sliding Window Maximum,Sliding Window,Hard,Monotonic decreasing deque holding indices,O(N),O(K),"Amazon, Google, Facebook, Microsoft (+19 more)",https://leetcode.com/problems/sliding-window-maximum,To Do,,N,
47,480,Sliding Window Median,Sliding Window,Hard,Two heaps with lazy removal or multiset,O(N log K),O(K),"Amazon, Facebook, Google, Apple (+3 more)",https://leetcode.com/problems/sliding-window-median,To Do,,N,
48,1423,Maximum Points You Can Obtain from Cards,Sliding Window,Medium,Minimum sum subarray of size (N - k),O(N),O(1),"Google, Flipkart",https://leetcode.com/problems/maximum-points-you-can-obtain-from-cards,To Do,,N,
49,992,Subarrays with K Different Integers,Sliding Window,Hard,Exact(K) = AtMost(K) - AtMost(K - 1),O(N),O(K),"Amazon, Google, Goldman Sachs, Alibaba (+1 more)",https://leetcode.com/problems/subarrays-with-k-different-integers,To Do,,N,
50,1248,Count Number of Nice Subarrays,Sliding Window,Medium,Sliding window / prefix odd count map,O(N),O(1),"Roblox, Amazon",https://leetcode.com/problems/count-number-of-nice-subarrays,To Do,,N,
51,713,Subarray Product Less Than K,Sliding Window,Medium,Dynamic window with running product,O(N),O(1),"Akuna Capital, Coursera, Expedia, Google (+2 more)",https://leetcode.com/problems/subarray-product-less-than-k,To Do,,N,
52,20,Valid Parentheses,Stack & Queue,Easy,Stack matching opening & closing brackets,O(N),O(N),"Amazon, Facebook, Microsoft, Google (+48 more)",https://leetcode.com/problems/valid-parentheses,To Do,,N,
53,155,Min Stack,Stack & Queue,Medium,"Stack with parallel min tracking or (val, min) tuples",O(1) all ops,O(N),"Amazon, Bloomberg, Google, Microsoft (+20 more)",https://leetcode.com/problems/min-stack,To Do,,N,
54,150,Evaluate Reverse Polish Notation,Stack & Queue,Medium,Stack evaluating operand pairs on operator,O(N),O(N),"Linkedin, Google, Amazon, Microsoft (+8 more)",https://leetcode.com/problems/evaluate-reverse-polish-notation,To Do,,N,
55,739,Daily Temperatures,Stack & Queue,Medium,Monotonic decreasing stack of temperatures/indices,O(N),O(N),"Amazon, Google, Bloomberg, Linkedin (+10 more)",https://leetcode.com/problems/daily-temperatures,To Do,,N,
56,853,Car Fleet,Stack & Queue,Medium,"Sort by start pos, monotonic stack of arrival times",O(N log N),O(N),Google,https://leetcode.com/problems/car-fleet,To Do,,N,
57,84,Largest Rectangle in Histogram,Stack & Queue,Hard,Monotonic increasing stack tracking width spans,O(N),O(N),"Amazon, Google, Microsoft, Facebook (+4 more)",https://leetcode.com/problems/largest-rectangle-in-histogram,To Do,,N,
58,85,Maximal Rectangle,Stack & Queue,Hard,Histogram DP per row + Largest Rectangle in Histogram,O(R * C),O(C),"Google, Amazon, Microsoft, Facebook (+9 more)",https://leetcode.com/problems/maximal-rectangle,To Do,,N,
59,394,Decode String,Stack & Queue,Medium,Two stacks: repeat counts and current string buffers,O(Output Length),O(N),"Google, Bloomberg, Amazon, Facebook (+19 more)",https://leetcode.com/problems/decode-string,To Do,,N,
60,71,Simplify Path,Stack & Queue,Medium,"Stack splitting by '/', handling '.' and '..'",O(N),O(N),"Facebook, Amazon, Microsoft, Adobe (+6 more)",https://leetcode.com/problems/simplify-path,To Do,,N,
61,316,Remove Duplicate Letters,Stack & Queue,Medium,Monotonic stack with last-occurrence frequency map,O(N),O(26),"Google, Amazon, Facebook, Microsoft (+5 more)",https://leetcode.com/problems/remove-duplicate-letters,To Do,,N,
62,402,Remove K Digits,Stack & Queue,Medium,Monotonic increasing stack dropping larger predecessors,O(N),O(N),"Microsoft, Amazon, Google, Nutanix (+8 more)",https://leetcode.com/problems/remove-k-digits,To Do,,N,
63,225,Implement Stack using Queues,Stack & Queue,Easy,Single queue rotation on push,"O(N) push, O(1) pop",O(N),"Microsoft, Amazon, Bloomberg, Mathworks (+3 more)",https://leetcode.com/problems/implement-stack-using-queues,To Do,,N,
64,232,Implement Queue using Stacks,Stack & Queue,Easy,Two stacks (in-stack and out-stack) amortized,O(1) amortized,O(N),"Microsoft, Amazon, Google, Apple (+8 more)",https://leetcode.com/problems/implement-queue-using-stacks,To Do,,N,
65,946,Validate Stack Sequences,Stack & Queue,Medium,Simulate pushes and greedy pops with stack,O(N),O(N),"Google, Linkedin",https://leetcode.com/problems/validate-stack-sequences,To Do,,N,
66,503,Next Greater Element II,Stack & Queue,Medium,Circular array scan with monotonic stack (2N loop),O(N),O(N),"Amazon, Bloomberg, Facebook, Google (+3 more)",https://leetcode.com/problems/next-greater-element-ii,To Do,,N,
67,901,Online Stock Span,Stack & Queue,Medium,"Monotonic decreasing stack of (price, span) pairs",O(1) amortized,O(N),"Amazon, Google, Microsoft",https://leetcode.com/problems/online-stock-span,To Do,,N,
68,704,Binary Search,Binary Search,Easy,Classic two-pointer middle convergence,O(log N),O(1),"Microsoft, Amazon",https://leetcode.com/problems/binary-search,To Do,,N,
69,74,Search a 2D Matrix,Binary Search,Medium,Virtual 1D array binary search via row/col mapping,O(log(M*N)),O(1),"Amazon, Microsoft, Facebook, Adobe (+4 more)",https://leetcode.com/problems/search-a-2d-matrix,To Do,,N,
70,240,Search a 2D Matrix II,Binary Search,Medium,Search from top-right or bottom-left corner,O(M + N),O(1),"Amazon, Microsoft, Google, Facebook (+16 more)",https://leetcode.com/problems/search-a-2d-matrix-ii,To Do,,N,
71,33,Search in Rotated Sorted Array,Binary Search,Medium,Identify sorted half and check if target lies within,O(log N),O(1),"Amazon, Facebook, Microsoft, Google (+32 more)",https://leetcode.com/problems/search-in-rotated-sorted-array,To Do,,N,
72,153,Find Minimum in Rotated Sorted Array,Binary Search,Medium,Compare mid with right boundary to locate inflection,O(log N),O(1),"Amazon, Microsoft, Google, Goldman Sachs (+9 more)",https://leetcode.com/problems/find-minimum-in-rotated-sorted-array,To Do,,N,
73,154,Find Minimum in Rotated Sorted Array II,Binary Search,Hard,Inflection search handling duplicate boundaries,"O(log N) avg, O(N) worst",O(1),"Google, Facebook, Adobe, Amazon (+1 more)",https://leetcode.com/problems/find-minimum-in-rotated-sorted-array-ii,To Do,,N,
74,875,Koko Eating Bananas,Binary Search,Medium,"Binary search on answer space [1, max(piles)]",O(N log(max(P))),O(1),"Airbnb, Facebook, Google, Adobe (+1 more)",https://leetcode.com/problems/koko-eating-bananas,To Do,,N,
75,1011,Capacity To Ship Packages Within D Days,Binary Search,Medium,"Binary search on capacity range [max(w), sum(w)]",O(N log(sum(W))),O(1),"Google, Amazon, Apple, Uber",https://leetcode.com/problems/capacity-to-ship-packages-within-d-days,To Do,,N,
76,410,Split Array Largest Sum,Binary Search,Hard,Binary search on maximum subarray sum answer,O(N log(sum(nums))),O(1),"Google, Amazon, Facebook, Baidu",https://leetcode.com/problems/split-array-largest-sum,To Do,,N,
77,4,Median of Two Sorted Arrays,Binary Search,Hard,Binary search on smaller array partition boundary,"O(log(min(M, N)))",O(1),"Amazon, Google, Microsoft, Goldman Sachs (+27 more)",https://leetcode.com/problems/median-of-two-sorted-arrays,To Do,,N,
78,34,Find First and Last Position of Element in Sorted Array,Binary Search,Medium,Two binary searches for lower and upper bounds,O(log N),O(1),"Facebook, Google, Linkedin, Uber (+13 more)",https://leetcode.com/problems/find-first-and-last-position-of-element-in-sorted-array,To Do,,N,
79,35,Search Insert Position,Binary Search,Easy,Lower bound binary search,O(log N),O(1),"Google, Amazon, Adobe, Apple (+3 more)",https://leetcode.com/problems/search-insert-position,To Do,,N,
80,162,Find Peak Element,Binary Search,Medium,Slope checking: climb uphill towards larger neighbor,O(log N),O(1),"Facebook, Google, Amazon, Bloomberg (+9 more)",https://leetcode.com/problems/find-peak-element,To Do,,N,
81,69,Sqrt(x),Binary Search,Easy,Binary search on integer square root range,O(log X),O(1),"Google, Linkedin, Bloomberg, Amazon (+8 more)",https://leetcode.com/problems/sqrtx,To Do,,N,
82,540,Single Element in a Sorted Array,Binary Search,Medium,Binary search on even/odd index pairing invariant,O(log N),O(1),"Amazon, Google, Facebook, Microsoft (+4 more)",https://leetcode.com/problems/single-element-in-a-sorted-array,To Do,,N,
83,206,Reverse Linked List,Linked List,Easy,"Iterative 3-pointer (prev, curr, next) reversal",O(N),O(1),"Amazon, Microsoft, Facebook, Google (+30 more)",https://leetcode.com/problems/reverse-linked-list,To Do,,N,
84,92,Reverse Linked List II,Linked List,Medium,Partial subsegment reversal with dummy node,O(N),O(1),"Amazon, Microsoft, Facebook, Adobe (+6 more)",https://leetcode.com/problems/reverse-linked-list-ii,To Do,,N,
85,25,Reverse Nodes in k-Group,Linked List,Hard,"Count k nodes, reverse segment, recursively connect",O(N),O(1),"Microsoft, Amazon, Facebook, Mathworks (+9 more)",https://leetcode.com/problems/reverse-nodes-in-k-group,To Do,,N,
86,21,Merge Two Sorted Lists,Linked List,Easy,Dummy head pointer with iterative comparison,O(N + M),O(1),"Amazon, Microsoft, Adobe, Facebook (+25 more)",https://leetcode.com/problems/merge-two-sorted-lists,To Do,,N,
87,23,Merge k Sorted Lists,Linked List,Hard,Min-heap of node heads or divide-and-conquer merge,O(N log K),O(K),"Amazon, Facebook, Google, Microsoft (+31 more)",https://leetcode.com/problems/merge-k-sorted-lists,To Do,,N,
88,141,Linked List Cycle,Linked List,Easy,Floyd's Tortoise and Hare pointers,O(N),O(1),"Microsoft, Amazon, Google, Adobe (+10 more)",https://leetcode.com/problems/linked-list-cycle,To Do,,N,
89,142,Linked List Cycle II,Linked List,Medium,Floyd's cycle detection + head meeting point,O(N),O(1),"Microsoft, Amazon, Adobe, Google (+3 more)",https://leetcode.com/problems/linked-list-cycle-ii,To Do,,N,
90,143,Reorder List,Linked List,Medium,"Find middle, reverse second half, weave two halves",O(N),O(1),"Facebook, Amazon, Microsoft, Google (+7 more)",https://leetcode.com/problems/reorder-list,To Do,,N,
91,19,Remove Nth Node From End of List,Linked List,Medium,Two pointers separated by n steps + dummy node,O(N),O(1),"Amazon, Microsoft, Facebook, Google (+9 more)",https://leetcode.com/problems/remove-nth-node-from-end-of-list,To Do,,N,
92,138,Copy List with Random Pointer,Linked List,Medium,Interleaved node duplication or hash map lookup,O(N),O(1) aux,"Amazon, Microsoft, Facebook, Bloomberg (+12 more)",https://leetcode.com/problems/copy-list-with-random-pointer,To Do,,N,
93,2,Add Two Numbers,Linked List,Medium,Elementary math addition with carry propagation,"O(max(N, M))",O(1) aux,"Amazon, Google, Microsoft, Adobe (+33 more)",https://leetcode.com/problems/add-two-numbers,To Do,,N,
94,148,Sort List,Linked List,Medium,Merge sort on linked list with fast/slow mid finding,O(N log N),O(log N) or O(1),"Amazon, Microsoft, Facebook, Google (+2 more)",https://leetcode.com/problems/sort-list,To Do,,N,
95,160,Intersection of Two Linked Lists,Linked List,Easy,Two pointers swapping heads on end of list,O(N + M),O(1),"Microsoft, Amazon, Bloomberg, Linkedin (+16 more)",https://leetcode.com/problems/intersection-of-two-linked-lists,To Do,,N,
96,234,Palindrome Linked List,Linked List,Easy,"Find middle, reverse second half, compare equality",O(N),O(1),"Amazon, Microsoft, Bloomberg, Adobe (+10 more)",https://leetcode.com/problems/palindrome-linked-list,To Do,,N,
97,61,Rotate List,Linked List,Medium,"Compute length, make circular ring, break at (k % len)",O(N),O(1),"Microsoft, Amazon, Linkedin, Adobe (+2 more)",https://leetcode.com/problems/rotate-list,To Do,,N,
98,328,Odd Even Linked List,Linked List,Medium,Odd and even pointer advance and link weave,O(N),O(1),"Capital One, Microsoft, Amazon, Bloomberg (+3 more)",https://leetcode.com/problems/odd-even-linked-list,To Do,,N,
99,226,Invert Binary Tree,Trees & Binary Search Trees,Easy,Recursive swap of left and right subtrees,O(N),O(H),"Google, Amazon, Microsoft, Bloomberg (+4 more)",https://leetcode.com/problems/invert-binary-tree,To Do,,N,
100,104,Maximum Depth of Binary Tree,Trees & Binary Search Trees,Easy,DFS postorder height calculation,O(N),O(H),"Amazon, Google, Linkedin, Facebook (+10 more)",https://leetcode.com/problems/maximum-depth-of-binary-tree,To Do,,N,
101,543,Diameter of Binary Tree,Trees & Binary Search Trees,Easy,Postorder traversal tracking max(left + right),O(N),O(H),"Facebook, Amazon, Google, Microsoft (+10 more)",https://leetcode.com/problems/diameter-of-binary-tree,To Do,,N,
102,110,Balanced Binary Tree,Trees & Binary Search Trees,Easy,Bottom-up height calculation with -1 sentinel,O(N),O(H),"Google, Amazon, Microsoft, Facebook (+5 more)",https://leetcode.com/problems/balanced-binary-tree,To Do,,N,
103,100,Same Tree,Trees & Binary Search Trees,Easy,Simultaneous recursive validation,O(N),O(H),"Amazon, Google, Facebook, Linkedin (+3 more)",https://leetcode.com/problems/same-tree,To Do,,N,
104,101,Symmetric Tree,Trees & Binary Search Trees,Easy,Mirror DFS check (left.left == right.right),O(N),O(H),"Amazon, Google, Linkedin, Facebook (+16 more)",https://leetcode.com/problems/symmetric-tree,To Do,,N,
105,572,Subtree of Another Tree,Trees & Binary Search Trees,Easy,Tree serialization or recursive SameTree on nodes,O(N * M),O(H),"Amazon, Google, Microsoft, Bloomberg (+3 more)",https://leetcode.com/problems/subtree-of-another-tree,To Do,,N,
106,235,Lowest Common Ancestor of a Binary Search Tree,Trees & Binary Search Trees,Medium,BST property: split point where p and q diverge,O(H),O(1),"Amazon, Microsoft, Linkedin, Facebook (+7 more)",https://leetcode.com/problems/lowest-common-ancestor-of-a-binary-search-tree,To Do,,N,
107,236,Lowest Common Ancestor of a Binary Tree,Trees & Binary Search Trees,Medium,Postorder DFS bubbling up target discoveries,O(N),O(H),"Amazon, Facebook, Microsoft, Linkedin (+18 more)",https://leetcode.com/problems/lowest-common-ancestor-of-a-binary-tree,To Do,,N,
108,102,Binary Tree Level Order Traversal,Trees & Binary Search Trees,Medium,Queue BFS with level size chunking,O(N),O(W),"Amazon, Microsoft, Linkedin, Facebook (+15 more)",https://leetcode.com/problems/binary-tree-level-order-traversal,To Do,,N,
109,103,Binary Tree Zigzag Level Order Traversal,Trees & Binary Search Trees,Medium,BFS queue with alternating deque insertions,O(N),O(W),"Amazon, Microsoft, Facebook, Linkedin (+10 more)",https://leetcode.com/problems/binary-tree-zigzag-level-order-traversal,To Do,,N,
110,199,Binary Tree Right Side View,Trees & Binary Search Trees,Medium,"BFS recording last element or DFS (node, depth)",O(N),O(W),"Facebook, Amazon, Microsoft, Bloomberg (+14 more)",https://leetcode.com/problems/binary-tree-right-side-view,To Do,,N,
111,1448,Count Good Nodes in Binary Tree,Trees & Binary Search Trees,Medium,Preorder DFS carrying running maximum path value,O(N),O(H),Microsoft,https://leetcode.com/problems/count-good-nodes-in-binary-tree,To Do,,N,
112,98,Validate Binary Search Tree,Trees & Binary Search Trees,Medium,"Inorder monotonicity or DFS with (low, high) bounds",O(N),O(H),"Facebook, Amazon, Microsoft, Bloomberg (+20 more)",https://leetcode.com/problems/validate-binary-search-tree,To Do,,N,
113,230,Kth Smallest Element in a BST,Trees & Binary Search Trees,Medium,Iterative inorder traversal stopping at step k,O(H + K),O(H),"Facebook, Google, Amazon, Microsoft (+8 more)",https://leetcode.com/problems/kth-smallest-element-in-a-bst,To Do,,N,
114,105,Construct Binary Tree from Preorder and Inorder Traversal,Trees & Binary Search Trees,Medium,"Root from preorder, divide inorder via hash map",O(N),O(N),"Amazon, Microsoft, Facebook, Google (+9 more)",https://leetcode.com/problems/construct-binary-tree-from-preorder-and-inorder-traversal,To Do,,N,
115,106,Construct Binary Tree from Inorder and Postorder Traversal,Trees & Binary Search Trees,Medium,"Root from postorder, divide inorder via hash map",O(N),O(N),"Amazon, Microsoft, Facebook, Bloomberg (+2 more)",https://leetcode.com/problems/construct-binary-tree-from-inorder-and-postorder-traversal,To Do,,N,
116,124,Binary Tree Maximum Path Sum,Trees & Binary Search Trees,Hard,Postorder max gain DFS updating global max sum,O(N),O(H),"Facebook, Amazon, Google, Microsoft (+10 more)",https://leetcode.com/problems/binary-tree-maximum-path-sum,To Do,,N,
117,297,Serialize and Deserialize Binary Tree,Trees & Binary Search Trees,Hard,Preorder traversal with null markers,O(N),O(N),"Facebook, Amazon, Google, Microsoft (+17 more)",https://leetcode.com/problems/serialize-and-deserialize-binary-tree,To Do,,N,
118,450,Delete Node in a BST,Trees & Binary Search Trees,Medium,"BST search, replace target with inorder successor",O(H),O(H),"Microsoft, Oracle, Google, Amazon (+7 more)",https://leetcode.com/problems/delete-node-in-a-bst,To Do,,N,
119,662,Maximum Width of Binary Tree,Trees & Binary Search Trees,Medium,BFS level order with normalized heap child indexing,O(N),O(W),"Amazon, Bloomberg, Google, Facebook (+3 more)",https://leetcode.com/problems/maximum-width-of-binary-tree,To Do,,N,
120,863,All Nodes Distance K in Binary Tree,Trees & Binary Search Trees,Medium,"Annotate parent pointers, graph BFS from target",O(N),O(N),"Amazon, Facebook, Microsoft, Uber (+8 more)",https://leetcode.com/problems/all-nodes-distance-k-in-binary-tree,To Do,,N,
121,114,Flatten Binary Tree to Linked List,Trees & Binary Search Trees,Medium,Morris traversal or reverse postorder linking,O(N),O(1) aux,"Facebook, Bloomberg, Amazon, Microsoft (+10 more)",https://leetcode.com/problems/flatten-binary-tree-to-linked-list,To Do,,N,
122,968,Binary Tree Cameras,Trees & Binary Search Trees,Hard,"Greedy postorder state DP (covered, camera, needs-cover)",O(N),O(H),"Google, Uber, Ebay, Facebook",https://leetcode.com/problems/binary-tree-cameras,To Do,,N,
123,208,Implement Trie (Prefix Tree),Tries (Prefix Trees),Medium,TrieNode with 26-child array and isEnd flag,O(L) ops,O(Total Chars),"Amazon, Google, Microsoft, Facebook (+11 more)",https://leetcode.com/problems/implement-trie-prefix-tree,To Do,,N,
124,211,Design Add and Search Words Data Structure,Tries (Prefix Trees),Medium,Trie with DFS branching for '.' wildcards,O(26^M) wildcard,O(Total Chars),"Facebook, Amazon, Google, Uber (+5 more)",https://leetcode.com/problems/add-and-search-word-data-structure-design,To Do,,N,
125,212,Word Search II,Tries (Prefix Trees),Hard,Backtracking grid search guided by Trie with pruning,O(M * 4 * 3^(L-1)),O(Total Chars),"Amazon, Microsoft, Google, Facebook (+14 more)",https://leetcode.com/problems/word-search-ii,To Do,,N,
126,648,Replace Words,Tries (Prefix Trees),Medium,Trie prefix lookup for shortest dictionary root,O(N * L),O(Total Chars),Uber,https://leetcode.com/problems/replace-words,To Do,,N,
127,677,Map Sum Pairs,Tries (Prefix Trees),Medium,Trie storing prefix values or delta score updates,O(L) ops,O(Total Chars),Akuna Capital,https://leetcode.com/problems/map-sum-pairs,To Do,,N,
128,421,Maximum XOR of Two Numbers in an Array,Tries (Prefix Trees),Medium,Bitwise Trie (0/1 branching) querying opposite bits,O(32 * N),O(32 * N),"Google, Amazon",https://leetcode.com/problems/maximum-xor-of-two-numbers-in-an-array,To Do,,N,
129,745,Prefix and Suffix Search,Tries (Prefix Trees),Hard,Trie storing suffix#prefix combined keys,O(L^2) insert,O(N * L^2),"Google, Facebook",https://leetcode.com/problems/prefix-and-suffix-search,To Do,,N,
130,703,Kth Largest Element in a Stream,Heaps & Priority Queues,Easy,Min-heap of fixed capacity k,O(log K) per add,O(K),"Amazon, Facebook, Google, Microsoft (+5 more)",https://leetcode.com/problems/kth-largest-element-in-a-stream,To Do,,N,
131,215,Kth Largest Element in an Array,Heaps & Priority Queues,Medium,QuickSelect partition or Min-heap of size k,"O(N) avg, O(N log K) heap",O(K),"Facebook, Amazon, Google, Microsoft (+23 more)",https://leetcode.com/problems/kth-largest-element-in-an-array,To Do,,N,
132,973,K Closest Points to Origin,Heaps & Priority Queues,Medium,Max-heap of size k or QuickSelect on distances,O(N log K),O(K),"Amazon, Facebook, Google, Apple (+11 more)",https://leetcode.com/problems/k-closest-points-to-origin,To Do,,N,
133,621,Task Scheduler,Heaps & Priority Queues,Medium,Greedy idle calculation by most frequent task,O(N),O(26),"Facebook, Google, Uber, Microsoft (+7 more)",https://leetcode.com/problems/task-scheduler,To Do,,N,
134,1383,Maximum Performance of a Team,Heaps & Priority Queues,Hard,"Sort by efficiency descending, maintain min-heap of speeds",O(N log N),O(K),Citrix,https://leetcode.com/problems/maximum-performance-of-a-team,To Do,,N,
135,632,Smallest Range Covering Elements from K Lists,Heaps & Priority Queues,Hard,Min-heap tracking current elements across K lists + max tracker,O(N log K),O(K),"Facebook, Google, Amazon, Pinterest (+4 more)",https://leetcode.com/problems/smallest-range-covering-elements-from-k-lists,To Do,,N,
136,378,Kth Smallest Element in a Sorted Matrix,Heaps & Priority Queues,Medium,Min-heap of row pointers or binary search on matrix values,O(K log N) or O(N log(max-min)),O(N),"Amazon, Facebook, Google, Microsoft (+6 more)",https://leetcode.com/problems/kth-smallest-element-in-a-sorted-matrix,To Do,,N,
137,373,Find K Pairs with Smallest Sums,Heaps & Priority Queues,Medium,"Min-heap expanding pairs (i, j+1)",O(K log K),O(K),"Amazon, Linkedin, Google, Facebook (+3 more)",https://leetcode.com/problems/find-k-pairs-with-smallest-sums,To Do,,N,
138,451,Sort Characters By Frequency,Heaps & Priority Queues,Medium,Max-heap of frequencies or bucket sort,O(N log K),O(N),"Bloomberg, Amazon, Google, Uber (+3 more)",https://leetcode.com/problems/sort-characters-by-frequency,To Do,,N,
139,692,Top K Frequent Words,Heaps & Priority Queues,Medium,Min-heap with custom frequency comparator / Trie,O(N log K),O(N),"Amazon, Facebook, Google, Bloomberg (+13 more)",https://leetcode.com/problems/top-k-frequent-words,To Do,,N,
140,767,Reorganize String,Heaps & Priority Queues,Medium,"Max-heap of character frequencies, pair adjacent chars",O(N log 26),O(26),"Facebook, Google, Amazon, Microsoft (+8 more)",https://leetcode.com/problems/reorganize-string,To Do,,N,
141,1046,Last Stone Weight,Heaps & Priority Queues,Easy,Max-heap smashing two heaviest stones,O(N log N),O(N),Amazon,https://leetcode.com/problems/last-stone-weight,To Do,,N,
142,295,Find Median from Data Stream,Heaps & Priority Queues,Hard,"Two balancing heaps (max-heap lower, min-heap higher)","O(log N) insert, O(1) find",O(N),"Amazon, Google, Microsoft, Facebook (+19 more)",https://leetcode.com/problems/find-median-from-data-stream,To Do,,N,
143,78,Subsets,Backtracking,Medium,Cascading recursion: choose / don't choose element,O(N * 2^N),O(N),"Facebook, Amazon, Microsoft, Google (+11 more)",https://leetcode.com/problems/subsets,To Do,,N,
144,90,Subsets II,Backtracking,Medium,"Sort first, skip duplicate adjacent elements during loop",O(N * 2^N),O(N),"Facebook, Amazon, Bloomberg, Microsoft",https://leetcode.com/problems/subsets-ii,To Do,,N,
145,39,Combination Sum,Backtracking,Medium,Unbounded selection DFS with target deduction,O(2^(T/min)),O(T/min),"Amazon, Airbnb, Facebook, Microsoft (+14 more)",https://leetcode.com/problems/combination-sum,To Do,,N,
146,40,Combination Sum II,Backtracking,Medium,Single-use elements with duplicate skipping on same level,O(2^N),O(N),"Amazon, Facebook, Microsoft, Linkedin (+8 more)",https://leetcode.com/problems/combination-sum-ii,To Do,,N,
147,216,Combination Sum III,Backtracking,Medium,Fixed-length k backtracking on digits 1..9,O(9! / (9-k)!),O(K),"Google, Microsoft, Amazon, Bloomberg",https://leetcode.com/problems/combination-sum-iii,To Do,,N,
148,46,Permutations,Backtracking,Medium,Visited boolean array or in-place element swapping,O(N * N!),O(N),"Facebook, Microsoft, Amazon, Google (+19 more)",https://leetcode.com/problems/permutations,To Do,,N,
149,47,Permutations II,Backtracking,Medium,"Sort array, skip duplicate candidates when unvisited",O(N * N!),O(N),"Linkedin, Facebook, Amazon, Vmware (+5 more)",https://leetcode.com/problems/permutations-ii,To Do,,N,
150,77,Combinations,Backtracking,Medium,Backtracking choosing k numbers from 1..n,"O(k * C(n, k))",O(k),"Microsoft, Google, Facebook, Amazon (+3 more)",https://leetcode.com/problems/combinations,To Do,,N,
151,79,Word Search,Backtracking,Medium,4-directional grid DFS with in-place cell marking,O(M * N * 3^L),O(L),"Amazon, Facebook, Microsoft, Google (+19 more)",https://leetcode.com/problems/word-search,To Do,,N,
152,131,Palindrome Partitioning,Backtracking,Medium,Backtracking prefix palindrome validation with memo,O(N * 2^N),O(N),"Amazon, Adobe, Google, Uber (+4 more)",https://leetcode.com/problems/palindrome-partitioning,To Do,,N,
153,17,Letter Combinations of a Phone Number,Backtracking,Medium,Digit keypad recursion building combinations,O(4^N),O(N),"Facebook, Amazon, Microsoft, Google (+21 more)",https://leetcode.com/problems/letter-combinations-of-a-phone-number,To Do,,N,
154,51,N-Queens,Backtracking,Hard,Column and diagonal bitsets/sets tracking conflicts,O(N!),O(N),"Facebook, Microsoft, Amazon, Google (+8 more)",https://leetcode.com/problems/n-queens,To Do,,N,
155,37,Sudoku Solver,Backtracking,Hard,"Row, col, box bitmasks with backtracking cell filling",O(9^empty),O(1),"Google, Microsoft, Amazon, Facebook (+12 more)",https://leetcode.com/problems/sudoku-solver,To Do,,N,
156,22,Generate Parentheses,Backtracking,Medium,Backtrack adding '(' if open < n and ')' if close < open,O(4^N / sqrt(N)),O(N),"Amazon, Microsoft, Google, Facebook (+20 more)",https://leetcode.com/problems/generate-parentheses,To Do,,N,
157,93,Restore IP Addresses,Backtracking,Medium,"3-dot partitioning with [0, 255] segment validation",O(1),O(1),"Amazon, Microsoft, Facebook, Vmware (+3 more)",https://leetcode.com/problems/restore-ip-addresses,To Do,,N,
158,200,Number of Islands,Graphs,Medium,Grid BFS/DFS or Disjoint Set Union (DSU),O(M*N),O(M*N),"Amazon, Facebook, Google, Microsoft (+54 more)",https://leetcode.com/problems/number-of-islands,To Do,,N,
159,133,Clone Graph,Graphs,Medium,Hash map (original -> clone) + BFS/DFS,O(V + E),O(V),"Facebook, Google, Amazon, Microsoft (+8 more)",https://leetcode.com/problems/clone-graph,To Do,,N,
160,695,Max Area of Island,Graphs,Medium,Grid DFS returning component cell area,O(M*N),O(M*N),"Amazon, Google, Facebook, Doordash (+16 more)",https://leetcode.com/problems/max-area-of-island,To Do,,N,
161,417,Pacific Atlantic Water Flow,Graphs,Medium,Reverse DFS/BFS inward from both ocean borders,O(M*N),O(M*N),"Google, Amazon, Microsoft, Facebook (+3 more)",https://leetcode.com/problems/pacific-atlantic-water-flow,To Do,,N,
162,130,Surrounded Regions,Graphs,Medium,"Border DFS preserving connected 'O' cells, flip rest",O(M*N),O(M*N),"Google, Amazon, Uber, Splunk (+2 more)",https://leetcode.com/problems/surrounded-regions,To Do,,N,
163,994,Rotting Oranges,Graphs,Medium,Multi-source BFS spreading infection level by level,O(M*N),O(M*N),"Amazon, Microsoft, Adobe, Ebay (+1 more)",https://leetcode.com/problems/rotting-oranges,To Do,,N,
164,286,Walls and Gates,Graphs,Medium,Multi-source BFS outwards from all gates simultaneously,O(M*N),O(M*N),"Facebook, Google, Amazon, Uber (+5 more)",https://leetcode.com/problems/walls-and-gates,To Do,,N,
165,207,Course Schedule,Graphs,Medium,Kahn's Topological Sort (in-degrees) or DFS cycle check,O(V + E),O(V + E),"Amazon, Facebook, Google, Microsoft (+18 more)",https://leetcode.com/problems/course-schedule,To Do,,N,
166,210,Course Schedule II,Graphs,Medium,Kahn's algorithm appending 0 in-degree nodes to order,O(V + E),O(V + E),"Amazon, Google, Facebook, Microsoft (+12 more)",https://leetcode.com/problems/course-schedule-ii,To Do,,N,
167,684,Redundant Connection,Graphs,Medium,Union-Find (Disjoint Set) detecting cycle-forming edge,O(N * alpha(N)),O(N),"Google, Amazon",https://leetcode.com/problems/redundant-connection,To Do,,N,
168,547,Number of Provinces,Graphs,Medium,Union-Find or DFS component counting,O(N^2),O(N),"Two Sigma, Amazon, Pocket Gems, Twitter (+12 more)",https://leetcode.com/problems/friend-circles,To Do,,N,
169,323,Number of Connected Components in an Undirected Graph,Graphs,Medium,Union-Find tracking component count decrement,O(V + E * alpha(V)),O(V),"Amazon, Facebook, Linkedin, Google (+2 more)",https://leetcode.com/problems/number-of-connected-components-in-an-undirected-graph,To Do,,N,
170,261,Graph Valid Tree,Graphs,Medium,E == V - 1 and fully connected via Union-Find/DFS,O(V + E),O(V),"Linkedin, Amazon, Google, Facebook (+2 more)",https://leetcode.com/problems/graph-valid-tree,To Do,,N,
171,127,Word Ladder,Graphs,Hard,Bidirectional BFS mutating one character per step,O(M^2 * N),O(M * N),"Amazon, Google, Facebook, Microsoft (+22 more)",https://leetcode.com/problems/word-ladder,To Do,,N,
172,399,Evaluate Division,Graphs,Medium,Weighted directed graph BFS/DFS or Disjoint Set Union,O((V + E) * Q),O(V + E),"Google, Amazon, Facebook, Bloomberg (+3 more)",https://leetcode.com/problems/evaluate-division,To Do,,N,
173,743,Network Delay Time,Graphs,Medium,Dijkstra's Algorithm with Min-heap,O(E log V),O(V + E),"Google, Amazon, Akuna Capital, Microsoft",https://leetcode.com/problems/network-delay-time,To Do,,N,
174,787,Cheapest Flights Within K Stops,Graphs,Medium,Bellman-Ford / BFS with step-limited relaxation,O(K * E),O(V),"Airbnb, Amazon, Google, Facebook (+3 more)",https://leetcode.com/problems/cheapest-flights-within-k-stops,To Do,,N,
175,332,Reconstruct Itinerary,Graphs,Hard,Hierholzer's Algorithm (Eulerian Path with DFS + Min-heap),O(E log E),O(V + E),"Uber, Google, Amazon, Facebook (+11 more)",https://leetcode.com/problems/reconstruct-itinerary,To Do,,N,
176,269,Alien Dictionary,Graphs,Hard,"Compare adjacent words, build graph, topological sort",O(C),"O(U + min(U^2, N))","Facebook, Amazon, Airbnb, Google (+13 more)",https://leetcode.com/problems/alien-dictionary,To Do,,N,
177,310,Minimum Height Trees,Graphs,Medium,Prune leaves inwards layer by layer until 1 or 2 remain,O(V),O(V),"Google, Amazon, Facebook, Snapchat (+2 more)",https://leetcode.com/problems/minimum-height-trees,To Do,,N,
178,785,Is Graph Bipartite?,Graphs,Medium,Two-color BFS/DFS checking adjacent node conflicts,O(V + E),O(V),"Facebook, Amazon, Google, Microsoft (+3 more)",https://leetcode.com/problems/is-graph-bipartite,To Do,,N,
179,886,Possible Bipartition,Graphs,Medium,Graph construction from dislikes + 2-color BFS/DFS,O(V + E),O(V + E),"Google, Facebook, Apple, Microsoft",https://leetcode.com/problems/possible-bipartition,To Do,,N,
180,1192,Critical Connections in a Network,Graphs,Hard,Tarjan's Bridge-Finding Algorithm (discovery & lowest times),O(V + E),O(V + E),"Amazon, Google, Microsoft, Adobe",https://leetcode.com/problems/critical-connections-in-a-network,To Do,,N,
181,70,Climbing Stairs,Dynamic Programming,Easy,Fibonacci state transition: dp[i] = dp[i-1] + dp[i-2],O(N),O(1),"Goldman Sachs, Amazon, Google, Microsoft (+14 more)",https://leetcode.com/problems/climbing-stairs,To Do,,N,
182,746,Min Cost Climbing Stairs,Dynamic Programming,Easy,"dp[i] = cost[i] + min(dp[i-1], dp[i-2])",O(N),O(1),"Amazon, Yahoo, Bloomberg",https://leetcode.com/problems/min-cost-climbing-stairs,To Do,,N,
183,198,House Robber,Dynamic Programming,Medium,"dp[i] = max(dp[i-1], dp[i-2] + nums[i])",O(N),O(1),"Google, Amazon, Adobe, Microsoft (+12 more)",https://leetcode.com/problems/house-robber,To Do,,N,
184,213,House Robber II,Dynamic Programming,Medium,"Break circle: max(Rob(0..N-2), Rob(1..N-1))",O(N),O(1),"Google, Amazon, Microsoft, Ebay",https://leetcode.com/problems/house-robber-ii,To Do,,N,
185,337,House Robber III,Dynamic Programming,Medium,"Tree DP returning (rob_root, skip_root) tuple",O(N),O(H),"Google, Amazon, Uber, Facebook",https://leetcode.com/problems/house-robber-iii,To Do,,N,
186,5,Longest Palindromic Substring,Dynamic Programming,Medium,Expand around center or 2D DP table,O(N^2),O(1) aux,"Amazon, Microsoft, Google, Facebook (+26 more)",https://leetcode.com/problems/longest-palindromic-substring,To Do,,N,
187,647,Palindromic Substrings,Dynamic Programming,Medium,Expand around center counting valid palindromes,O(N^2),O(1),"Facebook, Pure Storage, Amazon, Twitter (+13 more)",https://leetcode.com/problems/palindromic-substrings,To Do,,N,
188,91,Decode Ways,Dynamic Programming,Medium,1-step / 2-step DP with '01'-'26' segment checks,O(N),O(1),"Facebook, Amazon, Google, Microsoft (+17 more)",https://leetcode.com/problems/decode-ways,To Do,,N,
189,322,Coin Change,Dynamic Programming,Medium,"Unbounded Knapsack: dp[i] = min(dp[i], dp[i - coin] + 1)",O(Amount * Coins),O(Amount),"Amazon, Microsoft, Google, Capital One (+20 more)",https://leetcode.com/problems/coin-change,To Do,,N,
190,518,Coin Change II,Dynamic Programming,Medium,"Unbounded Knapsack combinations: loop coins outer, amount inner",O(Amount * Coins),O(Amount),"Amazon, Google, Facebook, Microsoft (+6 more)",https://leetcode.com/problems/coin-change-2,To Do,,N,
191,300,Longest Increasing Subsequence,Dynamic Programming,Medium,dp array O(N^2) or Patience Sorting binary search O(N log N),O(N log N),O(N),"Facebook, Amazon, Google, Microsoft (+8 more)",https://leetcode.com/problems/longest-increasing-subsequence,To Do,,N,
192,139,Word Break,Dynamic Programming,Medium,dp[i] = any(dp[j] and s[j:i] in wordDict),O(N^2 * L),O(N),"Amazon, Facebook, Google, Microsoft (+25 more)",https://leetcode.com/problems/word-break,To Do,,N,
193,140,Word Break II,Dynamic Programming,Hard,Memoized DFS backtracking sentences,O(2^N),O(2^N),"Amazon, Facebook, Google, Microsoft (+12 more)",https://leetcode.com/problems/word-break-ii,To Do,,N,
194,416,Partition Equal Subset Sum,Dynamic Programming,Medium,0/1 Knapsack for target = sum / 2,O(N * Target),O(Target),"Facebook, Google, Amazon, Microsoft (+6 more)",https://leetcode.com/problems/partition-equal-subset-sum,To Do,,N,
195,494,Target Sum,Dynamic Programming,Medium,Subset sum reduction: (sum + target) / 2,O(N * Target),O(Target),"Facebook, Google, Microsoft",https://leetcode.com/problems/target-sum,To Do,,N,
196,62,Unique Paths,Dynamic Programming,Medium,dp[r][c] = dp[r-1][c] + dp[r][c-1],O(M*N),O(N),"Amazon, Google, Facebook, Bloomberg (+10 more)",https://leetcode.com/problems/unique-paths,To Do,,N,
197,63,Unique Paths II,Dynamic Programming,Medium,Grid DP with obstacle cells resetting to 0,O(M*N),O(N),"Amazon, Google, Facebook, Microsoft (+8 more)",https://leetcode.com/problems/unique-paths-ii,To Do,,N,
198,64,Minimum Path Sum,Dynamic Programming,Medium,"dp[r][c] = grid[r][c] + min(up, left)",O(M*N),O(N),"Amazon, Google, Goldman Sachs, Microsoft (+9 more)",https://leetcode.com/problems/minimum-path-sum,To Do,,N,
199,1143,Longest Common Subsequence,Dynamic Programming,Medium,"2D table: match -> 1 + diag; mismatch -> max(left, up)",O(M*N),"O(min(M, N))","Amazon, Google, Microsoft, Tencent (+3 more)",https://leetcode.com/problems/longest-common-subsequence,To Do,,N,
200,72,Edit Distance,Dynamic Programming,Medium,"dp[i][j] = min(insert, delete, replace) + 1",O(M*N),"O(min(M, N))","Google, Amazon, Linkedin, Microsoft (+14 more)",https://leetcode.com/problems/edit-distance,To Do,,N,
201,97,Interleaving String,Dynamic Programming,Medium,2D boolean DP checking character matches from s1 or s2,O(M*N),O(N),"Amazon, Apple, Google, Uber (+4 more)",https://leetcode.com/problems/interleaving-string,To Do,,N,
202,312,Burst Balloons,Dynamic Programming,Hard,"Interval DP: pick last balloon burst in range [left, right]",O(N^3),O(N^2),"Amazon, Adobe, Google, Facebook (+2 more)",https://leetcode.com/problems/burst-balloons,To Do,,N,
203,10,Regular Expression Matching,Dynamic Programming,Hard,2D DP handling '.' and '*' wildcards with zero/more copies,O(M*N),O(M*N),"Facebook, Google, Microsoft, Amazon (+18 more)",https://leetcode.com/problems/regular-expression-matching,To Do,,N,
204,44,Wildcard Matching,Dynamic Programming,Hard,2D DP or greedy two-pointer rollback on '*',"O(M*N) worst, O(M) avg",O(1) aux,"Microsoft, Google, Facebook, Amazon (+10 more)",https://leetcode.com/problems/wildcard-matching,To Do,,N,
205,123,Best Time to Buy and Sell Stock III,Dynamic Programming,Hard,"State machine with 2 transactions (buy1, sell1, buy2, sell2)",O(N),O(1),"Amazon, Facebook, Two Sigma, Microsoft (+7 more)",https://leetcode.com/problems/best-time-to-buy-and-sell-stock-iii,To Do,,N,
206,309,Best Time to Buy and Sell Stock with Cooldown,Dynamic Programming,Medium,"State machine: (held, sold, reset) transitions",O(N),O(1),"Google, Amazon, Facebook, Apple",https://leetcode.com/problems/best-time-to-buy-and-sell-stock-with-cooldown,To Do,,N,
207,55,Jump Game,Greedy & Intervals,Medium,Greedy max reachable index tracker,O(N),O(1),"Amazon, Google, Facebook, Microsoft (+9 more)",https://leetcode.com/problems/jump-game,To Do,,N,
208,45,Jump Game II,Greedy & Intervals,Medium,BFS-like greedy interval updating jumps at boundary,O(N),O(1),"Amazon, Google, Nutanix, Facebook (+6 more)",https://leetcode.com/problems/jump-game-ii,To Do,,N,
209,134,Gas Station,Greedy & Intervals,Medium,Greedy reset start index when running balance drops below 0,O(N),O(1),"Microsoft, Amazon, Google, Ibm (+3 more)",https://leetcode.com/problems/gas-station,To Do,,N,
210,846,Hand of Straights,Greedy & Intervals,Medium,Min-heap or TreeMap greedy group formation,O(N log N),O(N),"Google, Ebay, Bloomberg",https://leetcode.com/problems/hand-of-straights,To Do,,N,
211,763,Partition Labels,Greedy & Intervals,Medium,Last occurrence hash map; expand window to max last pos,O(N),O(26),"Amazon, Facebook, Apple",https://leetcode.com/problems/partition-labels,To Do,,N,
212,56,Merge Intervals,Greedy & Intervals,Medium,Sort by start time; merge overlapping running interval,O(N log N),O(N),"Facebook, Google, Amazon, Palantir Technologies (+41 more)",https://leetcode.com/problems/merge-intervals,To Do,,N,
213,57,Insert Interval,Greedy & Intervals,Medium,"Add before, merge overlapping, add remaining intervals",O(N),O(N),"Google, Facebook, Amazon, Twitter (+8 more)",https://leetcode.com/problems/insert-interval,To Do,,N,
214,435,Non-overlapping Intervals,Greedy & Intervals,Medium,Sort by end time; greedily eliminate overlapping,O(N log N),O(1),"Google, Facebook, Amazon, Bloomberg (+2 more)",https://leetcode.com/problems/non-overlapping-intervals,To Do,,N,
215,252,Meeting Rooms,Greedy & Intervals,Easy,Sort by start time; check adjacent intervals for overlap,O(N log N),O(1),"Facebook, Amazon, Microsoft, Google (+1 more)",https://leetcode.com/problems/meeting-rooms,To Do,,N,
216,253,Meeting Rooms II,Greedy & Intervals,Medium,Min-heap of end times or chronological event points,O(N log N),O(N),"Facebook, Amazon, Google, Microsoft (+22 more)",https://leetcode.com/problems/meeting-rooms-ii,To Do,,N,
217,452,Minimum Number of Arrows to Burst Balloons,Greedy & Intervals,Medium,Sort by end coordinate; greedy arrow placements,O(N log N),O(1),"Facebook, Google, Amazon, Quora (+1 more)",https://leetcode.com/problems/minimum-number-of-arrows-to-burst-balloons,To Do,,N,
218,678,Valid Parenthesis String,Greedy & Intervals,Medium,"Greedy balance tracking range [low, high]",O(N),O(1),"Facebook, Amazon, Google, Bloomberg (+1 more)",https://leetcode.com/problems/valid-parenthesis-string,To Do,,N,
219,135,Candy,Greedy & Intervals,Hard,Two-pass scan (left-to-right then right-to-left peak adjustment),O(N),O(N),"Google, Amazon, Microsoft, Uber (+2 more)",https://leetcode.com/problems/candy,To Do,,N,
220,406,Queue Reconstruction by Height,Greedy & Intervals,Medium,"Sort by height desc, k asc; insert at index k",O(N^2),O(N),"Google, Amazon, Microsoft, Bytedance (+3 more)",https://leetcode.com/problems/queue-reconstruction-by-height,To Do,,N,
221,334,Increasing Triplet Subsequence,Greedy & Intervals,Medium,Greedy maintenance of first and second minimums,O(N),O(1),"Google, Facebook, Amazon, Uber (+2 more)",https://leetcode.com/problems/increasing-triplet-subsequence,To Do,,N,
222,605,Can Place Flowers,Greedy & Intervals,Easy,Greedy check of adjacent empty flowerbed slots,O(N),O(1),"Linkedin, Amazon, Yahoo, Facebook (+1 more)",https://leetcode.com/problems/can-place-flowers,To Do,,N,
223,986,Interval List Intersections,Greedy & Intervals,Medium,Two pointers: intersect max(start) and min(end),O(N + M),O(1) aux,"Facebook, Uber, Google, Amazon (+7 more)",https://leetcode.com/problems/interval-list-intersections,To Do,,N,
224,136,Single Number,Bit Manipulation & Math,Easy,XOR all elements together: x ^ x = 0,O(N),O(1),"Amazon, Google, Adobe, Facebook (+8 more)",https://leetcode.com/problems/single-number,To Do,,N,
225,137,Single Number II,Bit Manipulation & Math,Medium,"Two bitmasks (ones, twos) tracking modulo 3 frequencies",O(N),O(1),"Google, Facebook, Amazon, Adobe",https://leetcode.com/problems/single-number-ii,To Do,,N,
226,191,Number of 1 Bits,Bit Manipulation & Math,Easy,Brian Kernighan's trick: n & (n - 1),O(Bits),O(1),"Microsoft, Facebook, Google, Apple (+5 more)",https://leetcode.com/problems/number-of-1-bits,To Do,,N,
227,338,Counting Bits,Bit Manipulation & Math,Easy,dp[i] = dp[i >> 1] + (i & 1),O(N),O(1) aux,"Amazon, Facebook, Mathworks, Apple (+3 more)",https://leetcode.com/problems/counting-bits,To Do,,N,
228,190,Reverse Bits,Bit Manipulation & Math,Easy,Bit extraction and bitwise left shift loop,O(1),O(1),"Google, Apple, Amazon, Airbnb (+2 more)",https://leetcode.com/problems/reverse-bits,To Do,,N,
229,268,Missing Number,Bit Manipulation & Math,Easy,XOR all numbers with indices 0..n or Gauss summation,O(N),O(1),"Amazon, Microsoft, Google, Apple (+9 more)",https://leetcode.com/problems/missing-number,To Do,,N,
230,371,Sum of Two Integers,Bit Manipulation & Math,Medium,"Bitwise adder: XOR for sum, (a & b) << 1 for carry",O(1),O(1),"Amazon, Google, Facebook, Apple (+1 more)",https://leetcode.com/problems/sum-of-two-integers,To Do,,N,
231,7,Reverse Integer,Bit Manipulation & Math,Medium,Modulo arithmetic with INT32 overflow pre-checks,O(log10 X),O(1),"Adobe, Google, Amazon, Bloomberg (+11 more)",https://leetcode.com/problems/reverse-integer,To Do,,N,
232,9,Palindrome Number,Bit Manipulation & Math,Easy,Reverse half of the integer digits to prevent overflow,O(log10 X),O(1),"Adobe, Amazon, Microsoft, Google (+6 more)",https://leetcode.com/problems/palindrome-number,To Do,,N,
233,50,"Pow(x, n)",Bit Manipulation & Math,Medium,Binary Exponentiation (fast power via squaring),O(log N),O(1),"Facebook, Linkedin, Amazon, Google (+11 more)",https://leetcode.com/problems/powx-n,To Do,,N,
234,202,Happy Number,Bit Manipulation & Math,Easy,Floyd's Tortoise and Hare on sum-of-squared digits,O(log N),O(1),"Jpmorgan, Apple, Google, Amazon (+12 more)",https://leetcode.com/problems/happy-number,To Do,,N,
235,204,Count Primes,Bit Manipulation & Math,Medium,Sieve of Eratosthenes,O(N log(log N)),O(N),"Microsoft, Amazon, Apple, Google (+10 more)",https://leetcode.com/problems/count-primes,To Do,,N,
236,146,LRU Cache,Advanced & System / Class Design,Medium,Doubly Linked List + Hash Map (O(1) get and put),O(1) ops,O(Capacity),"Amazon, Google, Microsoft, Facebook (+51 more)",https://leetcode.com/problems/lru-cache,To Do,,N,
237,460,LFU Cache,Advanced & System / Class Design,Hard,Frequency doubly linked lists + min-frequency tracker,O(1) ops,O(Capacity),"Amazon, Google, Bloomberg, Microsoft (+9 more)",https://leetcode.com/problems/lfu-cache,To Do,,N,
238,380,Insert Delete GetRandom O(1),Advanced & System / Class Design,Medium,Dynamic array + Hash map index lookup with swap-to-back deletion,O(1) ops,O(N),"Amazon, Linkedin, Google, Facebook (+24 more)",https://leetcode.com/problems/insert-delete-getrandom-o1,To Do,,N,
239,381,Insert Delete GetRandom O(1) - Duplicates allowed,Advanced & System / Class Design,Hard,Dynamic array + Hash map of index sets,O(1) avg,O(N),"Facebook, Linkedin, Google, Uber (+6 more)",https://leetcode.com/problems/insert-delete-getrandom-o1-duplicates-allowed,To Do,,N,
240,355,Design Twitter,Advanced & System / Class Design,Medium,OO Design with user follow graph and k-way heap feed merge,O(K log F),O(U + T),"Twitter, Yelp, Doordash, Amazon (+1 more)",https://leetcode.com/problems/design-twitter,To Do,,N,
241,271,Encode and Decode Strings,Advanced & System / Class Design,Medium,"Length-prefixed string encoding (e.g., '4#love5#coder')",O(N),O(1) aux,"Google, Bloomberg, Square, Microsoft (+1 more)",https://leetcode.com/problems/encode-and-decode-strings,To Do,,N,
242,981,Time Based Key-Value Store,Advanced & System / Class Design,Medium,Hash Map of lists with binary search on timestamps,"O(1) set, O(log N) get",O(N),"Google, Lyft, Amazon, Sumologic (+14 more)",https://leetcode.com/problems/time-based-key-value-store,To Do,,N,
243,1396,Design Underground System,Advanced & System / Class Design,Medium,Two hash maps: check-in trips and travel route statistics,O(1) ops,O(Stations + Customers),Bloomberg,https://leetcode.com/problems/design-underground-system,To Do,,N,
244,341,Flatten Nested List Iterator,Advanced & System / Class Design,Medium,Stack of iterators or recursive generator,O(1) amortized,O(D),"Linkedin, Facebook, Amazon, Uber (+14 more)",https://leetcode.com/problems/flatten-nested-list-iterator,To Do,,N,
245,622,Design Circular Queue,Advanced & System / Class Design,Medium,Fixed-size circular array with head and count pointers,O(1) ops,O(K),"Facebook, Amazon, Microsoft, Google (+6 more)",https://leetcode.com/problems/design-circular-queue,To Do,,N,
246,641,Design Circular Deque,Advanced & System / Class Design,Medium,Fixed-size circular array with front and rear indices,O(1) ops,O(K),Facebook,https://leetcode.com/problems/design-circular-deque,To Do,,N,
247,706,Design HashMap,Advanced & System / Class Design,Easy,Array of buckets with linked lists / chaining,O(1) avg,O(N),"Amazon, Microsoft, Goldman Sachs, Linkedin (+15 more)",https://leetcode.com/problems/design-hashmap,To Do,,N,
248,705,Design HashSet,Advanced & System / Class Design,Easy,Direct address table or hash buckets with chaining,O(1) avg,O(N),"Google, Amazon",https://leetcode.com/problems/design-hashset,To Do,,N,
249,432,All O`one Data Structure,Advanced & System / Class Design,Hard,Doubly linked bucket list sorted by frequency + Hash map of node pointers,O(1) ops,O(N),"Linkedin, Facebook, Google, Amazon (+3 more)",https://leetcode.com/problems/all-oone-data-structure,To Do,,N,
250,359,Logger Rate Limiter,Advanced & System / Class Design,Easy,Hash Map or sliding window queue of timestamps,O(1),O(Unique Messages),"Google, Uber, Amazon, Apple (+4 more)",https://leetcode.com/problems/logger-rate-limiter,To Do,,N,
